{
  "products": [
    {
      "id": 1,
      "title": "Nike Air Men’s Hoodie -  Imported Hoodie Red",
      "price": "130",
      "url": "./images/product-1.png",
      "category": "Dresses"
    },
    {
      "id": 2,
      "title": "Armani Frok Ladies -  Imported Fork Blue",
      "price": "210",
      "url": "./images/product-2.png",
      "category": "Dresses"
    },
    {
      "id": 3,
      "title": "Nike Air Men’s Hoodie -  Imported Hoodie Red",
      "price": "90",
      "url": "./images/product-3.png",
      "category": "Jewellery"
    },
    {
      "id": 4,
      "title": "Nike Air Men’s Hoodie -  Imported Hoodie Red",
      "price": "100",
      "url": "./images/product-4.png",
      "category": "Jewellery"
    },
    {
      "id": 5,
      "title": "Nike Air Men’s Hoodie -  Imported Hoodie Red",
      "price": "100",
      "url": "./images/product-5.png",
      "category": "Dresses"
    },
    {
      "id": 6,
      "title": "Nike Air Men’s Hoodie -  Imported Hoodie Red",
      "price": "50",
      "url": "./images/product-6.png",
      "category": "Accessories"
    },
    {
      "id": 7,
      "title": "Nike Air Men’s Hoodie -  Imported Hoodie Red",
      "price": "50",
      "url": "./images/product-7.png",
      "category": "Footwear"
    },
    {
      "id": 8,
      "title": "Nike Air Men’s Hoodie -  Imported Hoodie Red",
      "price": "300",
      "url": "./images/product-8.png",
      "category": "Footwear"
    },
    {
      "id": 9,
      "title": "Nike Air Men’s Hoodie -  Imported Hoodie Red",
      "price": "300",
      "url": "./images/product-9.png",
      "category": "Footwear"
    },
    {
      "id": 10,
      "title": "ROG Headphone - Model 25",
      "price": "300",
      "url": "./images/product-10.png",
      "category": "Accessories"
    },
    {
      "id": 11,
      "title": "Nike Air Men’s Hoodie -  Imported Hoodie Red",
      "price": "700",
      "url": "./images/product-11.png",
      "category": "Accessories"
    },
    {
      "id": 12,
      "title": "Nike Air Men’s Hoodie -  Imported Hoodie Red",
      "price": "500",
      "url": "./images/product-12.png",
      "category": "Accessories"
    },
    {
      "id": 13,
      "title": "Nike Air Men’s Hoodie -  Imported Hoodie Red",
      "price": "900",
      "url": "./images/product-13.png",
      "category": "Accessories"
    },
    {
      "id": 14,
      "title": "ROG Headphone - Model 25",
      "price": "100",
      "url": "./images/product-14.png",
      "category": "Accessories"
    },
    {
      "id": 15,
      "title": "ROG Headphone - Model 25",
      "price": "250",
      "url": "./images/product-15.png",
      "category": "Accessories"
    },
    {
      "id": 16,
      "title": "ROG Headphone - Model 25",
      "price": "350",
      "url": "./images/product-16.png",
      "category": "Accessories"
    }
  ]
}
